{
  "feature_names": [
    "mid_px",
    "micropx",
    "spread",
    "imbalance",
    "ret_mid",
    "ret_micro",
    "log_ret",
    "depth_bid_L5",
    "depth_ask_L5",
    "depth_imb5",
    "q_iratio",
    "depth_slope_bid",
    "depth_slope_ask",
    "trade_dir",
    "of_intensity",
    "trade_gap",
    "atr_fast",
    "dema_f",
    "dema_s",
    "tema_f",
    "hma16",
    "kama",
    "trix",
    "garch_vol",
    "spread_z",
    "imbalance_z",
    "depth_imb5_z",
    "of_intensity_z"
  ],
  "mean": [
    290.71553528347414,
    290.94973035347374,
    2.080440289505436,
    0.2911684216747476,
    -6.686186948195069e-07,
    -1.2272864307035034e-06,
    -6.74486242543324e-07,
    383.1284177724166,
    92.32348210695618,
    0.602398559658039,
    0.6455842108339397,
    -1.9094039002814636,
    13.01760404101327,
    0.0,
    0.0,
    0.0,
    8.551337996618324e-05,
    290.9497450465993,
    290.9514911571515,
    290.9497201796893,
    290.95005868136786,
    290.9504092224703,
    -0.00011766605473480302,
    0.03588767345006,
    -0.1780393950073828,
    0.0634893673700361,
    -0.09871893723778588,
    0.0
  ],
  "std": [
    1.168640891381886,
    1.5033311065049801,
    2.7405652869685264,
    0.19999358388017302,
    0.00010779071345863386,
    0.00012843614851372522,
    0.00010859960866490652,
    111.14891167982493,
    32.35820194217949,
    0.14905745267528353,
    0.09999679194069384,
    22.02721756539617,
    4.3194637236870115,
    1.0,
    1.0,
    1.0,
    0.0010853414580165503,
    1.507987139931543,
    1.5251926147349426,
    1.50652029682537,
    1.5043010697107553,
    1.5041273512181843,
    0.0006363509870324561,
    0.04218597245666331,
    0.7301169398267129,
    0.7874369637033,
    1.04701809267333,
    1.0
  ],
  "medians": {
    "mid_px": 290.525,
    "micropx": 290.7053061209658,
    "spread": 0.9300000000000068,
    "imbalance": 0.387755102038838,
    "ret_mid": 0.0,
    "ret_micro": 0.0,
    "log_ret": 0.0,
    "depth_bid_L5": 423.0,
    "depth_ask_L5": 94.0,
    "depth_imb5": 0.6363636363624054,
    "q_iratio": 0.693877551016868,
    "depth_slope_bid": -8.5,
    "depth_slope_ask": 14.5,
    "trade_dir": 0.0,
    "of_intensity": 0.0,
    "trade_gap": 0.0,
    "atr_fast": 0.0,
    "dema_f": 290.7053061209658,
    "dema_s": 290.7053061209659,
    "tema_f": 290.7053061209658,
    "hma16": 290.7053061209658,
    "kama": 290.7053061209491,
    "trix": 0.0,
    "garch_vol": 0.01810015084045369,
    "spread_z": 0.0,
    "imbalance_z": 0.0,
    "depth_imb5_z": 0.0,
    "of_intensity_z": 0.0
  },
  "q_low": {
    "mid_px": 290.0,
    "micropx": 289.9999999975833,
    "spread": 0.9300000000000068,
    "imbalance": -0.032258064515608746,
    "ret_mid": 0.0,
    "ret_micro": 0.0,
    "log_ret": 0.0,
    "depth_bid_L5": 100.0,
    "depth_ask_L5": 0.0,
    "depth_imb5": 0.12149532710223601,
    "q_iratio": 0.48387096773413113,
    "depth_slope_bid": -35.0,
    "depth_slope_ask": -3.25,
    "trade_dir": 0.0,
    "of_intensity": 0.0,
    "trade_gap": 0.0,
    "atr_fast": 0.0,
    "dema_f": 289.92321862274025,
    "dema_s": 289.9190285782128,
    "tema_f": 289.8816120187231,
    "hma16": 289.99999999758325,
    "kama": 289.99999999759245,
    "trix": -0.004676839805977051,
    "garch_vol": 0.018054654702497383,
    "spread_z": -10.064266139208232,
    "imbalance_z": -7.755203844248248,
    "depth_imb5_z": -11.12438762394881,
    "of_intensity_z": 0.0
  },
  "q_high": {
    "mid_px": 294.455,
    "micropx": 297.9404494365284,
    "spread": 10.899999999999977,
    "imbalance": 0.6404494381986492,
    "ret_mid": 0.0,
    "ret_micro": 0.0,
    "log_ret": 0.0,
    "depth_bid_L5": 566.0,
    "depth_ask_L5": 180.0,
    "depth_imb5": 0.9999999999980237,
    "q_iratio": 0.8202247190965156,
    "depth_slope_bid": 36.5,
    "depth_slope_ask": 15.0,
    "trade_dir": 0.0,
    "of_intensity": 0.0,
    "trade_gap": 0.0,
    "atr_fast": 0.015327321942725102,
    "dema_f": 297.94436159183675,
    "dema_s": 298.10230112041194,
    "tema_f": 297.9404491424112,
    "hma16": 297.94044943652824,
    "kama": 297.9403183000175,
    "trix": 0.000833379331913205,
    "garch_vol": 0.23416586559958716,
    "spread_z": 0.0,
    "imbalance_z": 8.530136317651626,
    "depth_imb5_z": 7.652846556700796,
    "of_intensity_z": 0.0
  },
  "label_shift": 1
}