{"mean": [290.7154846191406, 290.9497375488281, 2.0804402828216553, 0.2911684215068817, -6.686186679871753e-07, -1.22728658880078e-06, -6.744862162122445e-07, 383.12841796875, 92.32347869873047, 0.6023985743522644, 0.6455841660499573, -1.909403920173645, 13.017603874206543, 0.0, 0.0, 0.0, 8.551336941309273e-05, 290.9497375488281, 290.9515075683594, 290.9496765136719, 290.949951171875, 290.95037841796875, -0.00011761856148950756, 0.03588767349720001, -0.18351911008358002, 0.06335652619600296, -0.09956035763025284, 0.0], "std": [1.168611764907837, 1.5032968521118164, 2.7404963970184326, 0.19998855888843536, 0.00010778800788102672, 0.00012843291915487498, 0.00010859687608899549, 111.1461181640625, 32.357391357421875, 0.14905370771884918, 0.09999428689479828, 22.02666664123535, 4.319355487823486, 9.99999993922529e-09, 9.99999993922529e-09, 9.99999993922529e-09, 0.0010853142011910677, 1.507957100868225, 1.5251787900924683, 1.5065028667449951, 1.5043271780014038, 1.5040911436080933, 0.0006365320878103375, 0.04218491166830063, 0.8303549885749817, 0.9141526222229004, 1.1679191589355469, 9.99999993922529e-09], "feature_names": ["mid_px", "micropx", "spread", "imbalance", "ret_mid", "ret_micro", "log_ret", "depth_bid_L5", "depth_ask_L5", "depth_imb5", "q_iratio", "depth_slope_bid", "depth_slope_ask", "trade_dir", "of_intensity", "trade_gap", "atr_fast", "dema_f", "dema_s", "tema_f", "hma16", "kama", "trix", "garch_vol", "spread_z", "imbalance_z", "depth_imb5_z", "of_intensity_z"], "label_shift": 1, "label_order": [-1, 0, 1]}